name,pos
Álex Abrines,SG
Quincy Acy,PF
Jaylen Adams,PG
Steven Adams,C
Bam Adebayo,C
Deng Adel,SF
DeVaughn Akoon-Purcell,SG
LaMarcus Aldridge,C
Rawle Alkins,SG
Grayson Allen,SG
Jarrett Allen,C
Kadeem Allen,SG
Al-Farouq Aminu,PF
Justin Anderson,SF
Kyle Anderson,SF
Ryan Anderson,PF
Ike Anigbogu,C
Giannis Antetokounmpo,PF
Kostas Antetokounmpo,PF
Carmelo Anthony,PF
OG Anunoby,SF
Ryan Arcidiacono,PG
Trevor Ariza,SF
D.J. Augustin,PG
Deandre Ayton,C
Dwayne Bacon,SG
Marvin Bagley,PF
Ron Baker,SG
Wade Baldwin,PG
Lonzo Ball,PG
Mohamed Bamba,C
J.J. Barea,PG
Harrison Barnes,PF
Will Barton,SF
Keita Bates-Diop,SF
Nicolas Batum,SF
Jerryd Bayless,PG
Aron Baynes,C
Kent Bazemore,SG
Bradley Beal,SG
Malik Beasley,SG
Michael Beasley,PF
Marco Belinelli,SG
Jordan Bell,C
DeAndre' Bembry,SG
Dragan Bender,PF
Dairis Bertāns,SG
Dāvis Bertāns,PF
Patrick Beverley,PG
Khem Birch,C
Bismack Biyombo,C
Nemanja Bjelica,PF
Antonio Blakeney,SG
Eric Bledsoe,PG
Jaron Blossomgame,SF
Bogdan Bogdanović,SG
Bojan Bogdanović,SF
Andrew Bogut,C
Jonah Bolden,PF
Isaac Bonga,PG
Devin Booker,SG
Chris Boucher,PF
Avery Bradley,SG
Tony Bradley,C
Corey Brewer,SF
Mikal Bridges,SF
Miles Bridges,SF
Isaiah Briscoe,PG
Ryan Broekhoff,SG
Malcolm Brogdon,SG
Dillon Brooks,SF
MarShon Brooks,SG
Bruce Brown,SG
Jaylen Brown,SG
Lorenzo Brown,PG
Sterling Brown,SG
Troy Brown,SF
Jalen Brunson,PG
Thomas Bryant,C
Reggie Bullock,SG
Trey Burke,PG
Alec Burks,SG
Deonte Burton,SG
Jimmy Butler,SF
Bruno Caboclo,PF
José Calderón,PG
Kentavious Caldwell-Pope,SG
Isaiah Canaan,PG
Clint Capela,C
DeMarre Carroll,PF
Jevon Carter,PG
Vince Carter,PF
Wendell Carter,C
Michael Carter-Williams,PG
Alex Caruso,PG
Omri Casspi,SF
Willie Cauley-Stein,C
Troy Caupain,PG
Tyler Cavanaugh,PF
Tyson Chandler,C
Wilson Chandler,PF
Joe Chealey,PG
Chris Chiozza,PG
Marquese Chriss,PF
Gary Clark,PF
Ian Clark,SG
Jordan Clarkson,SG
John Collins,PF
Zach Collins,C
Darren Collison,PG
Bonzie Colson,SF
Mike Conley,PG
Pat Connaughton,SG
Quinn Cook,PG
DeMarcus Cousins,C
Robert Covington,SF
Allen Crabbe,SG
Torrey Craig,SF
Jamal Crawford,SG
Mitch Creek,SF
Jae Crowder,SF
Dante Cunningham,PF
Seth Curry,SG
Stephen Curry,PG
Troy Daniels,SG
Anthony Davis,C
Deyonta Davis,C
Ed Davis,C
Tyler Davis,C
Dewayne Dedmon,C
Sam Dekker,PF
Ángel Delgado,C
Matthew Dellavedova,PG
Luol Deng,SF
DeMar DeRozan,SG
Marcus Derrickson,PF
Cheick Diallo,PF
Hamidou Diallo,SG
Gorgui Dieng,C
Spencer Dinwiddie,PG
Donte DiVincenzo,SG
Luka Dončić,SG
Tyler Dorsey,SG
Damyean Dotson,SG
PJ Dozier,SG
Goran Dragić,PG
Andre Drummond,C
Jared Dudley,PF
Kris Dunn,PG
Kevin Durant,SF
Trevon Duval,PG
Vince Edwards,SF
Henry Ellenson,PF
Wayne Ellington,SG
Joel Embiid,C
James Ennis,SF
Drew Eubanks,PF
Jacob Evans,SG
Jawun Evans,PG
Tyreke Evans,SG
Dante Exum,PG
Kenneth Faried,C
Derrick Favors,C
Cristiano Felício,C
Raymond Felton,PG
Terrance Ferguson,SG
Yogi Ferrell,PG
Dorian Finney-Smith,SF
Bryn Forbes,SG
Evan Fournier,SG
De'Aaron Fox,PG
Melvin Frazier,SG
Tim Frazier,PG
Jimmer Fredette,SG
Channing Frye,C
Markelle Fultz,SG
Danilo Gallinari,SF
Langston Galloway,SG
Billy Garrett,SG
Marc Gasol,C
Pau Gasol,C
Rudy Gay,PF
Paul George,SF
Taj Gibson,PF
Harry Giles,PF
Shai Gilgeous-Alexander,PG
Rudy Gobert,C
Brandon Goodwin,PG
Aaron Gordon,PF
Eric Gordon,SG
Marcin Gortat,C
Devonte' Graham,PG
Treveon Graham,SG
Jerami Grant,PF
Jerian Grant,PG
Donte Grantham,SF
Danny Green,SG
Draymond Green,PF
Gerald Green,SG
JaMychal Green,PF
Jeff Green,PF
Blake Griffin,PF
Daniel Hamilton,SG
Dusty Hannahs,SG
Tim Hardaway,SG
James Harden,PG
Maurice Harkless,SF
Montrezl Harrell,C
Devin Harris,PG
Gary Harris,SG
Joe Harris,SG
Tobias Harris,PF
Andrew Harrison,PG
Shaquille Harrison,SG
Josh Hart,SG
Isaiah Hartenstein,PF
Udonis Haslem,C
Gordon Hayward,PF
John Henson,C
Juan Hernangómez,PF
Willy Hernangómez,C
Mario Hezonja,SF
Isaiah Hicks,PF
Buddy Hield,SG
Haywood Highsmith,SF
Nenê Hilário,C
George Hill,PG
Solomon Hill,SF
Aaron Holiday,PG
Jrue Holiday,SG
Justin Holiday,SG
John Holland,SF
Rondae Hollis-Jefferson,SF
Richaun Holmes,C
Rodney Hood,SG
Al Horford,C
Danuel House,SF
Dwight Howard,C
Kevin Huerter,SG
Isaac Humphries,C
R.J. Hunter,SG
Chandler Hutchison,SF
Serge Ibaka,C
Andre Iguodala,SF
Ersan İlyasova,PF
Joe Ingles,PF
Andre Ingram,SG
Brandon Ingram,SF
Kyrie Irving,PG
Jonathan Isaac,PF
Wesley Iwundu,SF
Demetrius Jackson,PG
Frank Jackson,PG
Jaren Jackson,PF
Josh Jackson,SG
Justin Jackson,SF
Reggie Jackson,PG
LeBron James,SF
Amile Jefferson,PF
John Jenkins,SG
Jonas Jerebko,PF
Alize Johnson,PF
Amir Johnson,C
B.J. Johnson,SF
James Johnson,PF
Stanley Johnson,SF
Tyler Johnson,PG
Wesley Johnson,SF
Nikola Jokić,C
Damian Jones,C
Derrick Jones,SF
Jalen Jones,SF
Jemerrio Jones,SF
Terrence Jones,PF
Tyus Jones,PG
DeAndre Jordan,C
Cory Joseph,PG
Frank Kaminsky,C
Enes Kanter,C
Luke Kennard,SG
Michael Kidd-Gilchrist,PF
George King,SF
Maxi Kleber,PF
Brandon Knight,PG
Kevin Knox,PF
Furkan Korkmaz,SG
Luke Kornet,PF
Kyle Korver,SG
Kosta Koufos,C
Rodions Kurucs,SF
Kyle Kuzma,PF
Skal Labissière,PF
Jeremy Lamb,SG
Zach LaVine,SG
Jake Layman,SF
T.J. Leaf,PF
Courtney Lee,SG
Damion Lee,SG
Walt Lemon,PG
Alex Len,C
Kawhi Leonard,SF
Meyers Leonard,C
Jon Leuer,PF
Caris LeVert,SF
Damian Lillard,PG
Jeremy Lin,PG
Shaun Livingston,PG
Zach Lofton,SG
Kevon Looney,C
Brook Lopez,C
Robin Lopez,C
Kevin Love,PF
Kyle Lowry,PG
Jordan Loyd,PG
Kalin Lucas,PG
Timothé Luwawu-Cabarrot,SF
Tyler Lydon,PF
Trey Lyles,PF
Scott Machado,PG
Shelvin Mack,PG
Daryl Macon,SG
J.P. Macura,SG
Ian Mahinmi,C
Thon Maker,C-
Boban Marjanović,C
Lauri Markkanen,PF
Jarell Martin,PF
Frank Mason,PG
Yante Maten,PF
Wesley Matthews,SF
Luc Mbah a Moute,PF
Tahjere McCall,SG
Patrick McCaw,SG
CJ McCollum,SG
T.J. McConnell,PG
Doug McDermott,SF
JaVale McGee,C
Rodney McGruder,SG
Alfonzo McKinnie,SF
Ben McLemore,SG
Jordan McRae,SG
Jodie Meeks,SG
Salah Mejri,C
De'Anthony Melton,PG
Chimezie Metu,PF
Khris Middleton,SF
C.J. Miles,SF
Darius Miller,SF
Malcolm Miller,SF
Patty Mills,PG
Paul Millsap,PF
Shake Milton,SG
Nikola Mirotić,PF
Donovan Mitchell,SG
Naz Mitrou-Long,SG
Malik Monk,SG
Greg Monroe,C
E'Twaun Moore,SG
Eric Moreland,PF
Jaylen Morris,SG
Marcus Morris,PF
Markieff Morris,PF
Monte Morris,PG
Donatas Motiejūnas,PF
Johnathan Motley,PF
Emmanuel Mudiay,PG
Jamal Murray,PG
Džanan Musa,SG
Mike Muscala,PF
Sviatoslav Mykhailiuk,SF
Abdel Nader,SF
Larry Nance,C
Shabazz Napier,PG
Raul Neto,PG
Georges Niang,PF
Joakim Noah,C
Nerlens Noel,C
Dirk Nowitzki,PF
Frank Ntilikina,PG
James Nunnally,SF
Jusuf Nurkić,C
David Nwaba,SG
Royce O'Neale,SF
Kyle O'Quinn,C
Semi Ojeleye,PF
Jahlil Okafor,C
Elie Okobo,PG
Josh Okogie,SG
Victor Oladipo,SG
Kelly Olynyk,PF
Cedi Osman,SF
Kelly Oubre,SF
Zaza Pachulia,C
Jabari Parker,PF
Tony Parker,PG
Chandler Parsons,SF
Patrick Patterson,PF
Justin Patton,C
Chris Paul,PG
Cameron Payne,PG
Elfrid Payton,PG
Gary Payton,PG
Theo Pinson,SG
Mason Plumlee,C
Miles Plumlee,C
Jakob Poeltl,C
Quincy Pondexter,SF
Otto Porter,SF
Bobby Portis,PF
Dwight Powell,C
Norman Powell,SG
Alex Poythress,PF
Zhou Qi,PF
Ivan Rabb,PF
Chasson Randle,PG
Julius Randle,PF
J.J. Redick,SG
Davon Reed,SG
Cameron Reynolds,SG
Josh Richardson,SG
Malachi Richardson,SG
Austin Rivers,SG
Devin Robinson,SF
Duncan Robinson,PF
Glenn Robinson,SF
Jerome Robinson,SG
Mitchell Robinson,C
Rajon Rondo,PG
Derrick Rose,PG
Terrence Ross,SG
Terry Rozier,PG
Ricky Rubio,PG
D'Angelo Russell,PG
Domantas Sabonis,C
Brandon Sampson,SG
JaKarr Sampson,SF
Dario Šarić,PF
Tomáš Satoranský,PG
Dennis Schröder,PG
Mike Scott,PF
Thabo Sefolosha,SF
Wayne Selden,SG
Collin Sexton,PG
Landry Shamet,SG
Iman Shumpert,SG
Pascal Siakam,PF
Jordan Sibert,SG
Ben Simmons,PG
Jonathon Simmons,SG
Kobi Simmons,PG
Anfernee Simons,SG
Marcus Smart,SG
Dennis Smith,PG
Ish Smith,PG
J.R. Smith,SG
Jason Smith,PF
Zhaire Smith,SG
Tony Snell,SF
Ray Spalding,PF
Omari Spellman,PF
Nik Stauskas,SG
D.J. Stephens,SG
Lance Stephenson,SG
Edmond Sumner,PG
Caleb Swanigan,PF
Jayson Tatum,SF
Jeff Teague,PG
Garrett Temple,SG
Miloš Teodosić,PG
Jared Terrell,SG
Emanuel Terry,PF
Daniel Theis,C
Isaiah Thomas,SG
Khyri Thomas,SG
Lance Thomas,PF
Klay Thompson,SG
Tristan Thompson,C
Sindarius Thornwell,SG
Anthony Tolliver,PF
Karl-Anthony Towns,C
Gary Trent,SG
Allonzo Trier,SG
P.J. Tucker,PF
Evan Turner,PG
Myles Turner,C
Ekpe Udoh,C
Tyler Ulis,PG
Jonas Valančiūnas,C
Jarred Vanderbilt,PF
Fred VanVleet,PG
Noah Vonleh,PF
Nikola Vučević,C
Dwyane Wade,SG
Moritz Wagner,C
Dion Waiters,SG
Kemba Walker,PG
Lonnie Walker,SG
John Wall,PG
Tyrone Wallace,PG
Taurean Waller-Prince,SF
Brad Wanamaker,PG
T.J. Warren,SF
Julian Washburn,SF
Yuta Watanabe,SF
Thomas Welsh,C
Russell Westbrook,PG
Derrick White,PG
Okaro White,PF
Hassan Whiteside,C
Andrew Wiggins,SF
Alan Williams,PF
C.J. Williams,SG
Johnathan Williams,C
Kenrich Williams,SF
Lou Williams,SG
Marvin Williams,PF
Robert Williams,C
Troy Williams,SF
D.J. Wilson,PF
Justise Winslow,SF
Christian Wood,PF
Delon Wright,PG
Guerschon Yabusele,PF
Nick Young,SG
Thaddeus Young,PF
Trae Young,PG
Cody Zeller,C
Tyler Zeller,C
Ante Žižić,C
Ivica Zubac,C
